input_text,target_reason
hate-speech-qa: Ngữ cảnh: 'Trang Trần dm cm với t' Câu hỏi: Tại sao câu này độc hại?,"Sử dụng từ 'dm cm' là viết tắt của lời chửi thề tục tĩu, xúc phạm nghiêm trọng đến danh dự và nhân phẩm người khác."
hate-speech-qa: Ngữ cảnh: 'con mẹ mày giàu con mẹ mày... khinh thường ng ta' Câu hỏi: Tại sao câu này độc hại?,"Sử dụng từ ngữ tục tĩu 'con mẹ mày' để lăng mạ, hạ thấp người khác, thể hiện sự khinh thường."
hate-speech-qa: Ngữ cảnh: 'Bố con điên' Câu hỏi: Tại sao câu này độc hại?,"Sử dụng từ 'điên' để miệt thị, xúc phạm người khác, đồng thời kỳ thị người có vấn đề sức khỏe tâm thần."
hate-speech-qa: Ngữ cảnh: 'Thay ngáo đá' Câu hỏi: Tại sao câu này độc hại?,"Sử dụng từ 'ngáo đá' gán nhãn tiêu cực, miệt thị người có vấn đề tâm lý hoặc nghiện ma túy, mang tính xúc phạm và kỳ thị."
hate-speech-qa: Ngữ cảnh: 'Thầy ngu như chó 🤥' Câu hỏi: Tại sao câu này độc hại?,"Sử dụng từ xúc phạm 'ngu như chó' hạ thấp nhân phẩm, xúc phạm trí tuệ người thầy bằng cách so sánh với động vật."
"hate-speech-qa: Ngữ cảnh: 'quan cs ở xứ thiên đường thuộc bài kinh luôn ,mở mồm là "" ơn đảng ,ơn chính phủ..."" còn thằng quan tư bổn giãy hoài ko chết cũng thuộc bài luôn nhưng bài của nó là "" tôi xin chịu trách nhiệm ,tôi xin từ chức... ""' Câu hỏi: Tại sao câu này độc hại?","Sử dụng từ miệt thị “‘xứ thiên đường’”, “‘tư bổn giãy hoài ko chết’” nhằm công kích và chế giễu các nhóm chính trị."
"hate-speech-qa: Ngữ cảnh: 'Đu me mây cho vay tiên gop ma noi lam tư thiên, bơt sao lôn đi minh hiêu tui mây ăn chăn tiên tư thiên thi đung hơn' Câu hỏi: Tại sao câu này độc hại?","Sử dụng từ ngữ thô tục, xúc phạm như 'Đu me' và 'sao lôn' để lăng mạ và cáo buộc lừa đảo, hạ thấp nhân phẩm người khác."
hate-speech-qa: Ngữ cảnh: 'Tụi t đéo nịnh tụi t thương cô vì tánh cô chân thật. M biết cái cc gì m nói' Câu hỏi: Tại sao câu này độc hại?,"Sử dụng từ ngữ thô tục, xúc phạm như 'đéo' và 'cc' nhằm hạ thấp, miệt thị người đối thoại, thể hiện sự thiếu tôn trọng."
hate-speech-qa: Ngữ cảnh: 'Hỏi b ý xem có đi tiếp xúc với chị nhung gì k đó k mà thấy bị lây óc tó thể hiện qua lời phát biểu như v' Câu hỏi: Tại sao câu này độc hại?,"Sử dụng cụm từ 'lây óc tó' xúc phạm trí tuệ, hạ thấp người khác bằng cách ví von sự ngu dốt như bệnh dịch, mang tính miệt thị."
hate-speech-qa: Ngữ cảnh: '@Anh Japan Ủa cái quần thể gì dậy? Mới chửi người ta rồi quay lại khen :)? Ủa nulo hả? Cd :) ? Nói chuyện như cái lông loz dậy đó :)' Câu hỏi: Tại sao câu này độc hại?,"Sử dụng từ ngữ tục tĩu, xúc phạm như 'nulo' và 'lông loz' nhằm hạ thấp, miệt thị và công kích cá nhân."
hate-speech-qa: Ngữ cảnh: 'Đem đưa lên cơ sơ xo thẩm quyền THP bốc phân mà ăn :)' Câu hỏi: Tại sao câu này độc hại?,"Sử dụng cụm từ 'bốc phân mà ăn' là lời lẽ xúc phạm, hạ thấp nhân phẩm, phi nhân hóa và có ý đồ làm nhục đối tượng."
hate-speech-qa: Ngữ cảnh: 'Trương Duy lz mẹ' Câu hỏi: Tại sao câu này độc hại?,"Sử dụng từ ngữ tục tĩu, xúc phạm trực tiếp người khác bằng cụm từ chửi rủa thô tục là ""'lz mẹ'""."
hate-speech-qa: Ngữ cảnh: 'Ns vậy lại xúc phạm cái đầu b**i 😐' Câu hỏi: Tại sao câu này độc hại?,"Sử dụng từ ngữ tục tĩu, xúc phạm trực tiếp ""'đầu b**i'"" để hạ thấp và miệt thị đối tượng, thể hiện sự khinh miệt."
"hate-speech-qa: Ngữ cảnh: 'Lâm Quốc Huy đại học là oke ông , còn cấp 3 thì coi chừng thầy cô nứng :))' Câu hỏi: Tại sao câu này độc hại?","Sử dụng từ 'nứng' là tục tĩu, ám chỉ ham muốn tình dục không phù hợp của giáo viên, xúc phạm và thiếu tôn trọng."
hate-speech-qa: Ngữ cảnh: 'Con nay chat kiep sau no moi thay doi tinh.no khong con thuoc chua roi.con CORONA VIRUT cang no cho no benh chet di.dong ho ba doi nha no bi benh corona virut cho no biet the nao la dau kho.' Câu hỏi: Tại sao câu này độc hại?,"Sử dụng từ nguyền rủa 'chat kiep sau', 'benh chet di', và 'bi benh corona virut cho no biet the nao la dau kho', thể hiện mong muốn cái chết và bệnh tật cho người khác."
hate-speech-qa: Ngữ cảnh: 'trong nội bộ tổ chức tụi bây còn không tin nhau thì nhân dân nào mà tin tuyên giáo búa liềm' Câu hỏi: Tại sao câu này độc hại?,"Sử dụng từ 'tụi bây' mang tính miệt thị, hạ thấp đối tượng, và quy chụp sự thiếu tin cậy cho 'tuyên giáo búa liềm'."
hate-speech-qa: Ngữ cảnh: 'Nó mỗi thế thôi 1 lũ lao vào chửi nó ko ra con người. Vl thật bọn trẻ' Câu hỏi: Tại sao câu này độc hại?,"Sử dụng từ ngữ 'Vl' tục tĩu và 'ko ra con người' mang tính xúc phạm, phi nhân hóa đối tượng."
"hate-speech-qa: Ngữ cảnh: 'Trắng biến thành đen , có biến thành ko , ko biến thành có họ còn làm được chứ trắng biến thành xanh là chuyện nhỏ' Câu hỏi: Tại sao câu này độc hại?","Sử dụng từ ngữ mỉa mai và quy chụp về hành vi gian dối như “‘trắng biến thành đen’”, nhằm công kích và hạ thấp đối tượng."
hate-speech-qa: Ngữ cảnh: 'kệ mẹ thầy' Câu hỏi: Tại sao câu này độc hại?,"Sử dụng cụm từ tục tĩu ""'kệ mẹ'"" thể hiện sự khinh thường, thiếu tôn trọng nghiêm trọng đối với người được nhắc đến, đặc biệt là ""thầy""."
hate-speech-qa: Ngữ cảnh: 'Hiếu Bến Tre lũ người haha là cặn bã' Câu hỏi: Tại sao câu này độc hại?,"Sử dụng từ ngữ miệt thị ""'lũ người'"" để phi nhân hóa và ""'cặn bã'"" để xúc phạm, hạ thấp giá trị một nhóm người."
hate-speech-qa: Ngữ cảnh: 'M ngu qquua m chết mẹ m đi i ad' Câu hỏi: Tại sao câu này độc hại?,"Sử dụng từ ngữ 'ngu' mang tính miệt thị và lời nguyền rủa 'chết mẹ m đi' thể hiện sự thù địch, xúc phạm nghiêm trọng."
hate-speech-qa: Ngữ cảnh: 'Chửi cũng nể nang chứ. Đkm tao báo công an bắt chết cụ mày. Phạt mày 5 tr bây giờ. 😂😂😂😂😂😂' Câu hỏi: Tại sao câu này độc hại?,"Sử dụng từ ngữ tục tĩu ('Đkm') và đe dọa bạo lực nghiêm trọng ('bắt chết cụ mày'), gây xúc phạm và sợ hãi."
hate-speech-qa: Ngữ cảnh: 'Con bóng già h mới lộ :v :)))' Câu hỏi: Tại sao câu này độc hại?,"Sử dụng từ ngữ miệt thị ""'con bóng'"" để xúc phạm người đồng tính, thể hiện sự kỳ thị và phân biệt đối xử dựa trên xu hướng tính dục."
hate-speech-qa: Ngữ cảnh: 'thử con nhung lây cho m thử .m k chử nó đi .đạo đức giả' Câu hỏi: Tại sao câu này độc hại?,"Chứa lời xúc phạm trực tiếp ('đạo đức giả') và kích động 'chửi' rủa người khác, khuyến khích hành vi công kích và lăng mạ."
"hate-speech-qa: Ngữ cảnh: 'có tiền cứ làm,chỉ có bọn không có tiền làm mới ý kiến lọ chai' Câu hỏi: Tại sao câu này độc hại?",Câu này miệt thị nhóm người 'bọn không có tiền' và coi thường ý kiến của họ ('ý kiến lọ chai') dựa trên địa vị kinh tế.
"hate-speech-qa: Ngữ cảnh: 'Hoàng Văn nếu là nhà tài trợ thưởng thì ko mất thuế,nhưng sợ ko biết có tới tay mấy e đc ko nè' Câu hỏi: Tại sao câu này độc hại?","Sử dụng 'mấy e' với hàm ý hạ thấp, coi thường đối tượng nhận thưởng, ngụ ý họ dễ bị lợi dụng hoặc không có khả năng tự chủ."
"hate-speech-qa: Ngữ cảnh: 'Em nó vào tù chỉ vì ngu mà chết. Chúng nó ở Mẽo nhận đc gói tiền to to, ném tiền về với gói nhỏ nhỏ, đến lúc em này đc nhận chỉ là 200k và tù. Ngu chưa con' Câu hỏi: Tại sao câu này độc hại?","Sử dụng từ ngữ 'ngu mà chết', 'Ngu chưa con' để miệt thị, xúc phạm và hạ thấp giá trị của người khác, đặc biệt khi họ gặp nạn."
hate-speech-qa: Ngữ cảnh: 'Thằng này nó nghĩ nó là ai. Không cách ly thì cút qua nước khác mà sống.' Câu hỏi: Tại sao câu này độc hại?,"Sử dụng từ 'cút' và cụm 'qua nước khác mà sống' mang tính xúc phạm, kỳ thị, và xua đuổi người khác khỏi cộng đồng."
hate-speech-qa: Ngữ cảnh: 'Cái thứ hạ đẳng :))' Câu hỏi: Tại sao câu này độc hại?,"Sử dụng từ 'hạ đẳng' xúc phạm, miệt thị, gán nhãn người khác là thấp kém, hạ thấp nhân phẩm và phân biệt đối xử."
hate-speech-qa: Ngữ cảnh: 'Ca nha oi co 1 ba khung bi tam than .kieu no di cau an cuc di......' Câu hỏi: Tại sao câu này độc hại?,"Sử dụng từ ngữ miệt thị ""ba khung"", ""bi tam than"" và ""cau an cuc di"" để xúc phạm, kỳ thị người có vấn đề tâm lý và hoàn cảnh khó khăn."
hate-speech-qa: Ngữ cảnh: 'Lấy tiền miền nam đi nuôi một lũ con cháu trung quốc' Câu hỏi: Tại sao câu này độc hại?,"Sử dụng từ 'lũ' kết hợp với 'con cháu trung quốc' là lời lẽ miệt thị, phân biệt chủng tộc, và xúc phạm người gốc Trung Quốc."
"hate-speech-qa: Ngữ cảnh: 'Anh mày thiếu nợ giang hồ hóc môn, mày cũng thiếu nợ không dám về Việt Nam, bày đặc làm banh' Câu hỏi: Tại sao câu này độc hại?","Sử dụng từ ngữ 'mày', 'thiếu nợ', 'không dám về Việt Nam', 'bày đặc làm banh' để công kích cá nhân, hạ thấp nhân phẩm người nhận."
hate-speech-qa: Ngữ cảnh: 'Nhung ơi Nhung ra đây mà xem nè em :) xem em đã làm j cho đất nước nè :)' Câu hỏi: Tại sao câu này độc hại?,"Sử dụng giọng điệu mỉa mai, công kích cá nhân, ngụ ý 'đã làm j cho đất nước' theo hướng tiêu cực, gây nhục mạ công khai."
"hate-speech-qa: Ngữ cảnh: 'Ông xạo quá đi ông ơi, nói chuyện tào lao, già rồi sao mà xạo dữ vậy trời?' Câu hỏi: Tại sao câu này độc hại?","Sử dụng từ ngữ 'xạo', 'tào lao' và miệt thị tuổi tác 'già rồi sao mà xạo dữ vậy trời?' để xúc phạm, hạ thấp và công kích cá nhân."
hate-speech-qa: Ngữ cảnh: '@Kỹ Năng Sinh Tồn ngáo đá hả bạn có làm j bn chưa mà chửi người ta' Câu hỏi: Tại sao câu này độc hại?,"Sử dụng từ 'ngáo đá' là từ lóng miệt thị, ám chỉ người dùng ma túy, xúc phạm nhân phẩm và trí tuệ người khác."
hate-speech-qa: Ngữ cảnh: 'Tao gõ chớt mẹ mày chứ ở đó mà múa . Abe said :))' Câu hỏi: Tại sao câu này độc hại?,"Sử dụng cụm từ 'gõ chớt mẹ mày' là lời đe dọa bạo lực, mang tính xúc phạm và thù địch nghiêm trọng."
hate-speech-qa: Ngữ cảnh: 'Style khoe cu của mấy anh biến thái à 🙃' Câu hỏi: Tại sao câu này độc hại?,"Sử dụng từ ngữ tục tĩu 'khoe cu' và nhãn mác 'biến thái' để miệt thị, gán ghép hành vi lệch lạc tình dục, mang tính xúc phạm và phán xét."
hate-speech-qa: Ngữ cảnh: 'Giết nó' Câu hỏi: Tại sao câu này độc hại?,"Sử dụng từ 'Giết nó' trực tiếp kêu gọi bạo lực, đe dọa tính mạng và kích động hành vi gây hại nghiêm trọng."
hate-speech-qa: Ngữ cảnh: 'chú nói cả dân tộc việt nam cùng đồng lòng nhưng nhung thì không' Câu hỏi: Tại sao câu này độc hại?,"Cô lập cá nhân ('nhưng nhung thì không') khỏi sự đồng lòng của dân tộc, kích động chia rẽ."
hate-speech-qa: Ngữ cảnh: 'Lo mà phụ mẹ giúp cha cực kì thuyết phục mả cha chúng mày' Câu hỏi: Tại sao câu này độc hại?,"Sử dụng lời nguyền rủa 'mả cha chúng mày' nhắm vào tổ tiên, thể hiện sự xúc phạm và thù địch nghiêm trọng."
hate-speech-qa: Ngữ cảnh: 'Có biết vì sao CNXH xếp sau cùng trong các hình thái Kinh tế của thế giới không? VÌ NƯỚC NÀO ÁP DỤNG NÓ SẼ BỊ DIỆT VONG CMNR CÒN TỒN TẠI ĐÂU MÀ ÁP DỤNG HÌNH THÁI KINH TẾ KHÁC.' Câu hỏi: Tại sao câu này độc hại?,"Sử dụng từ ngữ tục tĩu ('CMNR') và tuyên bố các quốc gia theo CNXH sẽ 'DIỆT VONG', mang tính công kích và cực đoan."
hate-speech-qa: Ngữ cảnh: 'Nguyễn Long vlin thật lun á bọn vô ý thức' Câu hỏi: Tại sao câu này độc hại?,"Sử dụng từ tục tĩu 'vlin' và cụm từ 'bọn vô ý thức' để xúc phạm, hạ thấp giá trị một nhóm người."
hate-speech-qa: Ngữ cảnh: 'Cho em liếm lỗ nhị Thầy' Câu hỏi: Tại sao câu này độc hại?,"Sử dụng từ ngữ 'liếm lỗ nhị' mang tính quấy rối tình dục, tục tĩu và hạ thấp nhân phẩm, đặc biệt khi nhắm vào giáo viên."
hate-speech-qa: Ngữ cảnh: 'Iu cô gái khơ me hàm răng trắng tác cái l** đen thui 🙏🙏' Câu hỏi: Tại sao câu này độc hại?,"Sử dụng từ ngữ tục tĩu, miêu tả bộ phận sinh dục phụ nữ một cách thô tục, xúc phạm và phân biệt chủng tộc/màu da qua cụm từ 'cái l** đen thui'."
"hate-speech-qa: Ngữ cảnh: 'Đinh Nhật Uy cho ra lò ""chuyện vui cuối tuần "" vui thật !! vì chỉ xin đi phụ bếp mà đòi phải biết 29 thứ tiếng thì gắt quá! Chỉ có bác hù mới đủ thông minh để đáp ứng sự đòi hỏi này vì nghe nói bác củng biết 29 thứ tiếng,phải công nhận bác sáng suốt qu' Câu hỏi: Tại sao câu này độc hại?","Sử dụng biệt danh miệt thị ('bác hù') và giọng điệu mỉa mai để chế giễu, hạ thấp nhân phẩm và trí tuệ của cá nhân được nhắc đến."
hate-speech-qa: Ngữ cảnh: 'Con đĩ này bóng lộ nè' Câu hỏi: Tại sao câu này độc hại?,"Sử dụng từ ngữ miệt thị giới tính ('con đĩ') và kỳ thị đồng tính ('bóng lộ') để xúc phạm, hạ thấp nhân phẩm người khác."
hate-speech-qa: Ngữ cảnh: 'Nhìn cái mặt nó kìa. Cặn bã 🖕🖕' Câu hỏi: Tại sao câu này độc hại?,"Sử dụng từ 'cặn bã' và biểu tượng mang ý nghĩa 'Đụ má mày"" trực tiếp xúc phạm, hạ thấp nhân phẩm, thể hiện sự khinh miệt đối tượng."
hate-speech-qa: Ngữ cảnh: 'cả đoàn trốn trại...nói chuyện điên khùng' Câu hỏi: Tại sao câu này độc hại?,"Sử dụng 'trốn trại' và 'điên khùng' để miệt thị, gán nhãn người khác mắc bệnh tâm thần, gây kỳ thị và xúc phạm."
hate-speech-qa: Ngữ cảnh: 'Thôi anh ơi chuẩn bị về mở tiệm bánh tráng là được rồi' Câu hỏi: Tại sao câu này độc hại?,"Câu này 'miệt thị' và 'hạ thấp' người khác, ngụ ý họ chỉ xứng đáng với công việc 'mở tiệm bánh tráng' như một sự thất bại."
hate-speech-qa: Ngữ cảnh: 'Bây giờ biết thằng mặt heo là ai rồi' Câu hỏi: Tại sao câu này độc hại?,"Sử dụng từ 'thằng' và 'mặt heo' là xúc phạm, hạ thấp nhân phẩm và miệt thị ngoại hình."
hate-speech-qa: Ngữ cảnh: 'dkm chung no ko tiem cho cac chau sau nay lay ai giu nuoc' Câu hỏi: Tại sao câu này độc hại?,"Sử dụng từ 'dkm' là từ chửi thề tục tĩu, mang tính xúc phạm và hạ thấp người khác, thể hiện sự tức giận và thiếu tôn trọng."
"hate-speech-qa: Ngữ cảnh: 'Đậu mạ! Vịt nôm cái méo gì cũng có thể xảy ra. Trốn truy nã tại địa phương 26 năm, làm chánh văn phòng tại địa phương. Tất cả là nhờ sự lãnh đạo tài tình của đảng và nhà nước. Dân ta cứ yên tâm mà chết dần chết mòn đi' Câu hỏi: Tại sao câu này độc hại?","Sử dụng từ ngữ thô tục ('Đậu mạ!', 'méo gì') và kích động sự tuyệt vọng, coi thường mạng sống người dân ('chết dần chết mòn đi'), nhắm vào chính quyền."
hate-speech-qa: Ngữ cảnh: 'abe ochco =)))' Câu hỏi: Tại sao câu này độc hại?,"Sử dụng ừ 'ochco' là thuật ngữ xúc phạm, ám chỉ sự kém thông minh hoặc khuyết tật trí tuệ, mang tính miệt thị và chế giễu."
"hate-speech-qa: Ngữ cảnh: 'Dạo này mấy bố ts giấy phát biểu hơi nhiều, phần lớn cho thấy tư duy kiến thức quá lạc hậu, nhiệt tình cộng với sự ngu dốt thì sẽ thành phá hoại 😤' Câu hỏi: Tại sao câu này độc hại?","Sử dụng từ ngữ miệt thị ('ts giấy'), xúc phạm trực tiếp ('ngu dốt') và gán nhãn tiêu cực ('phá hoại') để hạ thấp một nhóm người và quan điểm của họ."
hate-speech-qa: Ngữ cảnh: 'Lua dao nhung nguoi nhe long .lua dao cac dan mang . ve vn la may chet me do con be de cho nhu may se qua bao' Câu hỏi: Tại sao câu này độc hại?,"Sử dụng từ ngữ ""chet me"", ""con be de cho"" mang tính xúc phạm nặng nề, miệt thị giới tính và đe dọa bạo lực."
"hate-speech-qa: Ngữ cảnh: 'Bán nước rõ ràng rồi, các cháu dư luận viên còn gì để sủa ko?' Câu hỏi: Tại sao câu này độc hại?","Sử dụng từ ngữ 'bán nước' vu khống, 'các cháu' hạ thấp và 'sủa' phi nhân hóa đối tượng, kích động thù địch và xúc phạm nghiêm trọng."
"hate-speech-qa: Ngữ cảnh: 'Con bóng đực kia cũng là dạng đầu trâu mặt ngựa, 2 mặt, nịnh bợ.' Câu hỏi: Tại sao câu này độc hại?","Sử dụng từ 'Con bóng đực' miệt thị giới tính. 'Đầu trâu mặt ngựa' xúc phạm, phi nhân hóa, hạ thấp nhân phẩm."
hate-speech-qa: Ngữ cảnh: 'Tụi học trò vô văn hóa' Câu hỏi: Tại sao câu này độc hại?,"Sử dụng 'vô văn hóa' để gán nhãn tiêu cực cho toàn bộ nhóm học sinh, mang tính xúc phạm và miệt thị."
"hate-speech-qa: Ngữ cảnh: 'Mình đừng nói xạo nói láo nv chị k thích z , vì chị là chúa nói xạo rồi' Câu hỏi: Tại sao câu này độc hại?","Sử dụng từ xúc phạm “‘nói xạo’”, “‘nói láo’”, “‘chúa nói xạo’” nhằm công kích và hạ thấp người khác."
"hate-speech-qa: Ngữ cảnh: 'Ngay cả việc cứu dân vùng lũ mà chính tay bọn cầm đầu ở trên thủy điện gây ra mà chúng cũng ko làm được rồi lại đi ganh ghét với những người như PA vì đã giúp được dân và dân ủng hộ,nếu như ở mấy nước đa đảng thì nó lật cái bọn chóp bu này lâu rồi,ăn ở ko rồi lại địt thúi' Câu hỏi: Tại sao câu này độc hại?","Câu này độc hại vì sử dụng từ ngữ tục tĩu, xúc phạm như 'bọn cầm đầu', 'bọn chóp bu', 'địt thúi' để miệt thị và hạ thấp phẩm giá một nhóm người."
hate-speech-qa: Ngữ cảnh: 'Da bao dung nghe cs noi !!!' Câu hỏi: Tại sao câu này độc hại?,"Câu này mỉa mai, phản động với 'cs' (cộng sản), kích động thù địch chính trị."
hate-speech-qa: Ngữ cảnh: 'Sang đài loan nó kiện cho công ty đi tù ý còn ở việt nam thì dmcs nun' Câu hỏi: Tại sao câu này độc hại?,"Sử dụng từ ngữ tục tĩu, xúc phạm như 'dmcs' (địt mẹ cộng sản) và 'nun' (nứng) để chửi bới, hạ thấp người khác hoặc hệ thống."
"hate-speech-qa: Ngữ cảnh: 'Vũ Thanh Huyền mày điên à, bà này đi công tác.' Câu hỏi: Tại sao câu này độc hại?","Từ 'điên' ('mày điên à') là lời lăng mạ trực tiếp, xúc phạm trí tuệ hoặc trạng thái tinh thần của người khác, mang tính hạ thấp và thiếu tôn trọng."
hate-speech-qa: Ngữ cảnh: 'Hồ Nguyễn Quốc Phú suy nghĩ ko sạch sẽ v nó dơ chỗ nào?? Bu lu bu la ở tội a thế đồ ấy hả 🤔 ngta cmt 1 dòng mà đi cmt lại 3 dòng hỉu rồi fans jack ko phân biệt độ tuổi có thể kết luận là trẩu' Câu hỏi: Tại sao câu này độc hại?,"Sử dụng các từ ngữ miệt thị như 'suy nghĩ ko sạch sẽ', 'dơ', 'Bu lu bu la' và 'trẩu' để xúc phạm cá nhân và nhóm người, hạ thấp phẩm giá họ."
"hate-speech-qa: Ngữ cảnh: 'Có thể là do thế lực thù địch lợi dụng những hôm đêm tối đã ra đào bới bờ kè, khiến cho bờ kè bị sạt lở. Đây là 1 trong những chiêu trò kích động người dân của bè lũ phản động. :3' Câu hỏi: Tại sao câu này độc hại?","Sử dụng các cụm từ 'thế lực thù địch' và 'bè lũ phản động' để vu khống, kích động và gán nhãn tiêu cực cho một nhóm người, gây chia rẽ và thù hận."
hate-speech-qa: Ngữ cảnh: 'Thanh Trẻ Trâu đm :))))' Câu hỏi: Tại sao câu này độc hại?,"Sử dụng từ ngữ miệt thị 'Trẻ Trâu' và tục tĩu 'đm' để xúc phạm cá nhân, hạ thấp phẩm giá người khác."
"hate-speech-qa: Ngữ cảnh: 'TÌM RA ĐƯỢC THỦ PHẠM TRỰC TIẾP HAY GIÁN TIẾP GIẾT NGƯỜI THÌ ĐÃ BỐN NGƯỜI THEO XÁC CHẾT CỦA NGƯỜI CHẾT XUỐNG ÂM PHỦ RỒI ...TRƯỜNG TỒN THẬT ,LUẬT QUẢ BÁO ĐƯỢC THẤY RÕ ...HAY NHẤT ,HIỆU QUẢ NHỨT ,THÀNH CÔNG NHẤT LÀ THAY ĐỔI CHẾ ĐỘ CSVN VÀ TRUNG CỘNG THÌ H' Câu hỏi: Tại sao câu này độc hại?","Chứa từ thù địch/chính trị cực đoan như “‘CSVN’”, “‘Trung Cộng’”, “‘giết người’”, nhằm công kích và kích động đối đầu giữa các nhóm."
hate-speech-qa: Ngữ cảnh: 'nổ quá bà ơi... bà nổ quá con cháu bà...ra đường ăn xin đó' Câu hỏi: Tại sao câu này độc hại?,"Sử dụng từ ngữ công kích, mỉa mai và nguyền rủa như “‘nổ quá’”, “‘ra đường ăn xin’”, nhằm hạ nhục và xúc phạm người khác."
hate-speech-qa: Ngữ cảnh: 'Mẹ cái thằng não chó.... dân ta nghèo mới mới làm vậy! Địt mẹ mày biết cái lồn gì mà phán? Pape ngày càng xàm lồn' Câu hỏi: Tại sao câu này độc hại?,"Sử dụng các từ ngữ tục tĩu, xúc phạm như 'não chó', 'Địt mẹ mày', 'cái lồn gì', 'xàm lồn' nhằm hạ thấp, lăng mạ đối tượng."
hate-speech-qa: Ngữ cảnh: 'Tao thấy nhiễm covid này toàn bọn nhiều tiền và thích đi du lịch đấy..' Câu hỏi: Tại sao câu này độc hại?,"Câu này kỳ thị, đổ lỗi cho một nhóm người cụ thể ('toàn bọn nhiều tiền và thích đi du lịch') về việc nhiễm bệnh, tạo sự chia rẽ xã hội."
hate-speech-qa: Ngữ cảnh: 'Đ’ nói nhiều cái thằng quốc khánh' Câu hỏi: Tại sao câu này độc hại?,"""'Đ’"" ('Đéo') là từ chửi thề tục tĩu. ""Cái thằng"" là cách gọi miệt thị, hạ thấp, xúc phạm người khác."
"hate-speech-qa: Ngữ cảnh: ':)) làm loạn không phải cách hay, giờ giả sử phá hết đó nó bắt đền bù ngược lại thì dân mình ko những còn ko đc đền bù mà còn chịu thiệt, hơn nữa mình tưởng những người công giáo sẽ ôn hòa chứ tức nước vỡ bờ thì cũng một ruột với lũ công an '' lỡ vuốt má '' à. cứ như buổi đầu của phong trào công nhân họ nghĩ họ chịu cực khổ vì do máy móc nên họ đập phá máy móc vậy' Câu hỏi: Tại sao câu này độc hại?","Sử dụng từ ngữ miệt thị ""lũ"" và so sánh xúc phạm ""một ruột với lũ công an 'lỡ vuốt má'"" để hạ thấp và gán ghép hành vi tiêu cực."
"hate-speech-qa: Ngữ cảnh: 'Chỉ có mấy con chó phản động ba que mới thích thú đọc những tin kiểu này để xuyên tạc chống phá! Nhưng cái bạn yên tâm là lũ chúng nó chỉ là 1 trong hàng triệu người dân vn thôi, ko làm ăn đk gì đâu! :))) chỉ nên mạng sủa sáng, sủa tối, sủa trưa, để' Câu hỏi: Tại sao câu này độc hại?","Sử dụng các từ ngữ 'con chó', 'phản động ba que', 'lũ chúng nó', 'sủa' để phi nhân hóa và miệt thị nhóm người có quan điểm chính trị khác biệt."
"hate-speech-qa: Ngữ cảnh: 'PhoBolsaTV :bien me đi,phỏng vấn tao lao,may về phong van gia đình mày đi.nhin may nguoi gia ma con ko tha,phoBolSa rất sam' Câu hỏi: Tại sao câu này độc hại?","Sử dụng các từ ngữ xúc phạm trực tiếp như 'bien me đi', 'tao lao', 'gia đình mày', 'sam' và công kích cá nhân, thiếu tôn trọng."
hate-speech-qa: Ngữ cảnh: 'Tức nước vỡ bờ. Cả một lũ chó hại dân' Câu hỏi: Tại sao câu này độc hại?,"Từ ngữ ""'lũ chó'"" là lời lẽ xúc phạm, hạ thấp nhân phẩm, so sánh một nhóm người với động vật để kích động thù ghét và coi thường."
"hate-speech-qa: Ngữ cảnh: 'Tàu cộng bản chất của nó là hèn và ảo tưởng sức mạnh, võ mồm, bay lượn y như trong mấy cái phim chưởng của nó thôi.' Câu hỏi: Tại sao câu này độc hại?","Sử dụng từ ngữ miệt thị 'Tàu cộng' và gán ghép các đặc điểm tiêu cực ('hèn', 'ảo tưởng sức mạnh', 'võ mồm') cho một nhóm dân tộc."
hate-speech-qa: Ngữ cảnh: 'là mày thì mày định làm gì hả thằng ad óc chó? đánh bom đập thủy điện của nó à?' Câu hỏi: Tại sao câu này độc hại?,"Từ 'óc chó' là lời lăng mạ, xúc phạm trí tuệ và hạ thấp nhân phẩm người khác."
hate-speech-qa: Ngữ cảnh: 'Nguyễn Đăng Khoa thg học trò l này :)))' Câu hỏi: Tại sao câu này độc hại?,"Từ 'l' là từ tục tĩu, xúc phạm nghiêm trọng, dùng để hạ thấp và miệt thị người khác."
hate-speech-qa: Ngữ cảnh: 'Đụ Má...... Con bede sấu nhất quả đất' Câu hỏi: Tại sao câu này độc hại?,"Sử dụng từ tục tĩu 'Đụ Má' và từ miệt thị 'bede' nhắm vào người thuộc cộng đồng LGBTQ+, kết hợp với xúc phạm ngoại hình, thể hiện sự thù địch."
hate-speech-qa: Ngữ cảnh: 'Noi Tum lai hai thang đều ngu' Câu hỏi: Tại sao câu này độc hại?,"Sử dụng từ ngữ miệt thị, hạ thấp giá trị người khác ('ngu'), mang tính xúc phạm trực tiếp."
"hate-speech-qa: Ngữ cảnh: 'Hay học pha thuốc nổ, qua bển du lịch đánh sập đập nhề?!' Câu hỏi: Tại sao câu này độc hại?","Kêu gọi 'pha thuốc nổ' và 'đánh sập đập' là kích động bạo lực, phá hoại, có tính chất khủng bố."
hate-speech-qa: Ngữ cảnh: 'Toan đựng bọn ngu phá hại lên làm quan nên dân nuôn đời vất vả nếu ko nhôt bơt cái bọn ngu ấy lai' Câu hỏi: Tại sao câu này độc hại?,"Sử dụng từ ngữ miệt thị ""bọn ngu"" và kêu gọi ""nhốt bớt"" một nhóm người, đổ lỗi cho họ về vấn đề xã hội, thể hiện sự thù địch và phân biệt đối xử."
hate-speech-qa: Ngữ cảnh: 'THẰNG AD ĐỌC KỸ RỒI HÃY PHÁN! AD MÀ LÀM ĂN THUA CẢ CON CHÓ! VỀ BỐC CỨT ĂN ĐI' Câu hỏi: Tại sao câu này độc hại?,"Sử dụng từ ngữ 'THẰNG', so sánh 'thua cả con chó' và câu chửi 'bốc cứt ăn đi' mang tính xúc phạm, hạ thấp nhân phẩm và thô tục."
"hate-speech-qa: Ngữ cảnh: 'Clip của thằng mặt lồn vks long an yêu cầu ""giết quách"" Hồ Duy Hải vì giam giữ ""loại"" này ""rất cực ảnh hưởng đến tình hình an ninh chính trị""' Câu hỏi: Tại sao câu này độc hại?","Sử dụng từ ngữ tục tĩu ('thằng mặt lồn'), kêu gọi bạo lực ('giết quách') và hạ thấp nhân phẩm ('loại'), thể hiện sự thù địch và xúc phạm nghiêm trọng."
hate-speech-qa: Ngữ cảnh: 'Trần Nhật 🙂 ủa tao nhai lai của ai. M lạ lồn thế . Đmm lướt lại cmt xem tòan mấy thánh kêu sống chậm thôi sống nhanh quá ak hay m cx nằm trong số cmt đấy r m quay ra ns tao' Câu hỏi: Tại sao câu này độc hại?,"Sử dụng từ ngữ tục tĩu, xúc phạm trực tiếp như 'lồn' và 'Đmm' nhằm hạ thấp, lăng mạ người đối thoại, thể hiện sự hung hăng và thiếu tôn trọng."
hate-speech-qa: Ngữ cảnh: 'Con này nó như con hấp ấy' Câu hỏi: Tại sao câu này độc hại?,"Sử dụng từ 'hấp' để miệt thị trí tuệ, hạ thấp nhân phẩm người khác, mang tính xúc phạm và kỳ thị."
hate-speech-qa: Ngữ cảnh: 'Im mồm đi micky. Sủa nữa t dính lỗ đít m lại bgio' Câu hỏi: Tại sao câu này độc hại?,"Sử dụng từ ngữ 'sủa' để phi nhân hóa và đe dọa 'dính lỗ đít m lại' là hành vi xúc phạm, thô tục và mang tính đe dọa bạo lực."
hate-speech-qa: Ngữ cảnh: 'Địt cụ chúng nó? Bắt sâu nặng quá. Một đất nước xã hội khốn nạn' Câu hỏi: Tại sao câu này độc hại?,"Sử dụng từ ngữ tục tĩu ('Địt cụ', 'khốn nạn') thể hiện sự khinh miệt, căm ghét và xúc phạm nặng nề đến một nhóm người hoặc hệ thống xã hội."
hate-speech-qa: Ngữ cảnh: 'Mỗi lần lên sóng là đeo vàng làm như giàu lắm hay sao mà khoe của thấy ghê.còn cái mặt mình nhìn chung ko có 1 chỗ nào thiện cảm hết.nhìn mặt là biết cái thứ đàn bà độc mồm độc miệng.hung dữ.nói tục chửi thề v...v tưởng z là hay lắm' Câu hỏi: Tại sao câu này độc hại?,"Sử dụng các từ ngữ 'thấy ghê', 'ko thiện cảm', 'cái thứ đàn bà', 'độc mồm độc miệng', 'hung dữ', 'nói tục chửi thề' để công kích cá nhân, miệt thị ngoại hình và tính cách."
"hate-speech-qa: Ngữ cảnh: 'Ở đéo đâu chả có ung thư :/ đời sống đi lên tỷ lệ bệnh tật nhiều. Vn còn hơn chán bọn tây lông là hầu như đứa nào cũng dị ứng nhé. Lại cái bài ca vn trong top tỉ lệ ung thư cao, còn cao nhiêu thì số liệu đéo rõ ràng. Top các nước ung thư cao thế giới toàn eu với mỹ hết :/' Câu hỏi: Tại sao câu này độc hại?","Sử dụng từ ngữ miệt thị 'bọn tây lông' để chỉ người phương Tây, mang tính phân biệt chủng tộc và xúc phạm."
hate-speech-qa: Ngữ cảnh: 'Trung Quốc gọi bọn này bằng cụ tổ 😕' Câu hỏi: Tại sao câu này độc hại?,"""Bọn này"" là từ miệt thị, hạ thấp giá trị con người. ""Cụ tổ"" ám chỉ sự phục tùng, yếu kém một cách xúc phạm."
hate-speech-qa: Ngữ cảnh: 'Khổ thôi chứ biết làm thnao đc? Đi đâu đc mà phải châm biếm nhau! Ai chẳng biết khổ nhưng làm gì đc đây! Xã hội nó thối nát nhưng lũ mọi rợ quá đông và hung hãn...' Câu hỏi: Tại sao câu này độc hại?,"Sử dụng cụm từ 'lũ mọi rợ' để miêu tả một nhóm người là hành vi miệt thị, xúc phạm và phi nhân hóa."
"hate-speech-qa: Ngữ cảnh: 'Nói thầy ngáo thì mấy đứa nó lại tự ái , híc' Câu hỏi: Tại sao câu này độc hại?","Từ 'ngáo' xúc phạm vì ám chỉ sự kém cỏi, thiếu năng lực trí tuệ của người thầy, mang tính miệt thị."
hate-speech-qa: Ngữ cảnh: 'gã tâm thần.răng long râu rụng' Câu hỏi: Tại sao câu này độc hại?,"Sử dụng 'gã tâm thần' miệt thị người bệnh tâm thần và 'răng long râu rụng' chế giễu ngoại hình, tuổi tác."
hate-speech-qa: Ngữ cảnh: 'giàu mà ko biết chia chác cho tụi nó thì bầu Kiên đã là một ví dụ.' Câu hỏi: Tại sao câu này độc hại?,"Chứa từ quy chụp và thù địch như “‘tụi nó’”, ám chỉ tham nhũng và công kích một nhóm người."
"hate-speech-qa: Ngữ cảnh: 'Ngày xưa, khi giấy vệ sinh chưa phổ biến thì mỗi gia đình đều thấm nhuần tư tưởng đảng mỗi ngày. Ngày nay, khi giấy vệ sinh quá phổ biến, nhiều mẫu mã, giá cả phải chăng, mềm mại chất lượng hơn hẳn thì đại đa số dân chúng trở nên lệch lạc tư tưởng chính trị' Câu hỏi: Tại sao câu này độc hại?","Nó xúc phạm ""đại đa số dân chúng"" bằng cách gán nhãn tư tưởng chính trị của họ là 'lệch lạc tư tưởng chính trị', liên kết miệt thị với việc sử dụng giấy vệ sinh."
hate-speech-qa: Ngữ cảnh: 'đm ông điêu ít thôiii :)))' Câu hỏi: Tại sao câu này độc hại?,"Từ 'đm' là một từ chửi thề tục tĩu, mang ý nghĩa xúc phạm và thiếu tôn trọng người nghe."
hate-speech-qa: Ngữ cảnh: 'Sai cái dmm phải khoá mõm mày lại' Câu hỏi: Tại sao câu này độc hại?,"Từ ngữ 'dmm' là lời chửi thô tục. Cụm từ 'khoá mõm mày lại' xúc phạm, hạ thấp nhân phẩm, coi người khác như động vật."
"hate-speech-qa: Ngữ cảnh: 'có một sự tồn tại của đàn bò mang tên "" cực kỳ thuyết phục "", có sở thích là nhai đi nhai lại, mục đích của chúng trên hành tinh này vẫn chưa có lời giải đáp, theo như các nhà động vật học cho biết loài bò này có lối sống hoang dâm trụy lạc, có thể động dục bất cứ lúc nào, con số của loài này đang được gia tăng đáng kể.' Câu hỏi: Tại sao câu này độc hại?","Sử dụng từ ngữ 'đàn bò', 'hoang dâm trụy lạc', 'động dục' để phi nhân hóa, xúc phạm và bôi nhọ một nhóm người bằng cách gán ghép hành vi tình dục tiêu cực."
hate-speech-qa: Ngữ cảnh: 'Bọn rẻ tiền này mà nhà nước muốn đập thì chúng nó chết từ vài năm trc rồi' Câu hỏi: Tại sao câu này độc hại?,"Sử dụng 'Bọn rẻ tiền này' hạ thấp giá trị con người, cùng với 'đập' và 'chết' thể hiện mong muốn bạo lực, gây hại cho một nhóm người."
hate-speech-qa: Ngữ cảnh: 'Đảng đã cho ta một mùa xuân đầy thất vọng!' Câu hỏi: Tại sao câu này độc hại?,"Sử dùng từ ngữ mỉa mai và công kích chính trị qua cụm “‘mùa xuân đầy thất vọng’”, nhằm hạ thấp và bày tỏ thái độ thù địch."
"hate-speech-qa: Ngữ cảnh: '2 cái thằng mọi rợ này phải cho nó ở tù mục xương thì nó mới tởn ! Chứ cho bọn nó ở tù có vài năm, bọn nó đéo có sợ đâu !' Câu hỏi: Tại sao câu này độc hại?","Sử dụng từ 'mọi rợ' để miệt thị, phi nhân hóa đối tượng, cùng với 'mục xương' thể hiện mong muốn trừng phạt tàn bạo và từ 'đéo' thô tục."
hate-speech-qa: Ngữ cảnh: 'Bọn giàu mà mang thua người nghèo nửa đm chán quá' Câu hỏi: Tại sao câu này độc hại?,"Chứa từ ngữ tục tĩu, xúc phạm là 'đm', thể hiện sự thiếu tôn trọng và gây khó chịu cho người đọc."
hate-speech-qa: Ngữ cảnh: 'Do thiếu lozz ngọc trinh nên hôm qua tiệp hơi nông nỗi' Câu hỏi: Tại sao câu này độc hại?,"Từ 'lozz' là từ tục tĩu, hạ thấp phụ nữ. Cụm 'thiếu lozz ngọc trinh' xúc phạm, khách thể hóa phụ nữ và quấy rối tình dục."
"hate-speech-qa: Ngữ cảnh: 'Đất nước hạnh phúc nhất thế giới là người dân ngày đêm cày kéo làm để trả nợ thay cho lũ ăn tàn phá hoại đất nước này . Muốn dân hết khổ thì cho vài ba trận đá banh thì dân cứ bão với lũ là hết thôi , cứ quán nhậu mọc nhiều hơn thư viện sách thì dân có ngu cũng phải cho mình là thông minh , bởi rượu vào lời ra thì mạnh ai người ấy nói kk' Câu hỏi: Tại sao câu này độc hại?","Sử dụng từ ngữ công kích và miệt thị như “‘lũ ăn tàn phá hoại’”, “‘dân có ngu’”, nhằm xúc phạm và hạ thấp một nhóm người."
"hate-speech-qa: Ngữ cảnh: 'Bac hai nay tang cho no con virus chinh phu my bot di tien cua lunatic man nay , nguoi dan viet nam luu vong do ho then' Câu hỏi: Tại sao câu này độc hại?","Sử dụng từ ngữ miệt thị và thù địch “nguoi dan viet nam luu vong do ho then”, nhằm xúc phạm một nhóm người."
"hate-speech-qa: Ngữ cảnh: 'Phạm Vũ Nói dân trí thấp lại tự ái . Không biết thì ngậm con mẹ nó mồm đi , còn tinh tướng . EU là liên minh kinh tế . Còn \""Trời Âu\"" ở đây là đang nói đến vị trí địa lý thuộc \""Châu Âu\"" . Đéo phân biệt được \""Kinh Tế\"" và \""Địa Lý\"" à ? Đúng là thùng rỗng thì kêu to.' Câu hỏi: Tại sao câu này độc hại?","Sử dụng từ ngữ tục tĩu ('con mẹ nó', 'Đéo') và các cụm từ xúc phạm ('dân trí thấp', 'thùng rỗng thì kêu to') nhằm hạ thấp, lăng mạ và công kích cá nhân."
"hate-speech-qa: Ngữ cảnh: 'Chính sách của việt cộng là ngu dân để trị, tài giỏi thông minh thì bị việt cộng bỏ tù là đúng rồi.' Câu hỏi: Tại sao câu này độc hại?","Từ ngữ 'việt cộng' mang tính miệt thị. Cụm từ 'ngu dân' xúc phạm, hạ thấp trí tuệ, thể hiện sự công kích và chia rẽ xã hội."
hate-speech-qa: Ngữ cảnh: 'Vẫn còn nhiều người ý thức kém hơn cả điểm English của toi=)))' Câu hỏi: Tại sao câu này độc hại?,"Sử dụng cụm từ 'ý thức kém' để gán nhãn tiêu cực, hạ thấp giá trị của một nhóm người, mang tính phán xét và miệt thị."
hate-speech-qa: Ngữ cảnh: 'Nguyễn Mạnh Hưởng Cặn bã cái địt thag bố m =))' Câu hỏi: Tại sao câu này độc hại?,"Sử dụng từ 'Cặn bã' hạ thấp nhân phẩm và 'cái địt thag bố m' là lời chửi rủa tục tĩu, xúc phạm nặng nề cá nhân và gia đình."
"hate-speech-qa: Ngữ cảnh: 'Bọn đấy nó ngụy biện mà, muốn trị nó thì phải nhắm vào điểm yếu và tập trung vào đó. Vd: nó bảo đi biểu tình là được cho tiền mới đi thì đạp lại bằng những thằng đàn áp bắt bớ mới là bọn được trả tiền để làm việc đó. còn bảo làm được gì cho đất nước chưa mà nói này nói kìa thì đạp lại bằng mỗi lần đi ỉa dội nước là đã góp phần xây dựng đất nước rồi và cũng góp phần trả lương cho nó.' Câu hỏi: Tại sao câu này độc hại?","Sử dụng ngôn ngữ tục tĩu ('đi ỉa dội nước') để hạ thấp, xúc phạm đối tượng. Cách dùng 'bọn đấy', 'trị nó', 'đạp lại' thể hiện sự thù địch, công kích."
hate-speech-qa: Ngữ cảnh: 'Ad óc chó não phẳng vkl. Biết cc j đâu' Câu hỏi: Tại sao câu này độc hại?,"Sử dụng các từ ngữ miệt thị ('óc chó', 'não phẳng') và tục tĩu ('vkl', 'cc') để xúc phạm trí tuệ và hạ thấp người khác."
"hate-speech-qa: Ngữ cảnh: 'add còn viết tắt của address nữa, ngu!' Câu hỏi: Tại sao câu này độc hại?","Sử dụng từ 'ngu' trực tiếp lăng mạ, hạ thấp trí tuệ người khác, mang tính xúc phạm cá nhân."
hate-speech-qa: Ngữ cảnh: '😅 đụ mẹ mấy thằng cộng sản này nó cứ bắt bọn trung Quốc sản xuất đá không mang đi thiêu hủy mà cứ chia nhau đập lấy gì không ngáo phát biểu linh tinh' Câu hỏi: Tại sao câu này độc hại?,"Sử dụng từ tục tĩu 'đụ mẹ', miệt thị 'mấy thằng cộng sản' và 'bọn trung Quốc', gán ghép hành vi tiêu cực và xúc phạm nhân phẩm."
hate-speech-qa: Ngữ cảnh: 'Cô minh hiếu mà hết thời là mày cũng hết đường làm ăn luôn nha con bóng đồng tháp bán dồ giả' Câu hỏi: Tại sao câu này độc hại?,"Sử dụng từ ngữ miệt thị ""con bóng"" để xúc phạm người đồng tính nam, thể hiện sự kỳ thị và phân biệt đối xử."
"hate-speech-qa: Ngữ cảnh: 'Lông ngông cuồng có chết cũng đâu có sao. Hay! Co Thương nghi quỹ vừa lùn  vừa trọc phỏng vấn là đúng rồi
XẠO KE' Câu hỏi: Tại sao câu này độc hại?","Câu này độc hại vì 'chết' thể hiện mong muốn bạo lực, 'lùn', 'trọc' miệt thị ngoại hình, và 'XẠO KE' là xúc phạm trực tiếp."
hate-speech-qa: Ngữ cảnh: 'Bố lạy mày Nhung ơi là Nhung' Câu hỏi: Tại sao câu này độc hại?,"Cụm từ ""'Bố lạy mày'"" là cách nói mỉa mai, thể hiện sự bực tức tột độ và coi thường, ngụ ý người nghe gây phiền toái hoặc hành động ngu ngốc."
hate-speech-qa: Ngữ cảnh: 'Chào thầy ba girl😌nứng vcl' Câu hỏi: Tại sao câu này độc hại?,"Câu này xúc phạm vì sử dụng từ ngữ tục tĩu, khiêu dâm ('nứng vcl') để quấy rối và hạ thấp nhân phẩm người khác."
"hate-speech-qa: Ngữ cảnh: 'Ô nhiễm là do ko rửa đường nhé, có khi nào ô nhiễm môi trường do dân thủ đô đi ngủ không rửa chân không các bác nhỉ' Câu hỏi: Tại sao câu này độc hại?","Chứa lời mỉa mai và chế giễu như “‘đi ngủ không rửa chân’”, nhằm công kích và hạ thấp người dân thủ đô."
hate-speech-qa: Ngữ cảnh: 'Trường Giang ụa . Bả biết bả nhiễm s bả đ chịu khai báo cách ly đi . Chị bả nhiễm nguy cơ lay cho bả là rất cao . Hành khánh trên chuyến bay đó cũg bị nhiễm theo . Lớn r chứ phải con nít con noi' Câu hỏi: Tại sao câu này độc hại?,"Câu này độc hại vì đổ lỗi, chỉ trích hành vi cá nhân và dùng từ ngữ miệt thị 'con nít con noi' để hạ thấp người khác."
"hate-speech-qa: Ngữ cảnh: 'ông có tuổi rùi! cố giữ gìn sức khỏe, thỉnh thoảng tấu hài bà con coi là zui rùi! mà giác ngộ vầy là tốt rùi, chứ nhìu ông già 3/// cố chấp lắm' Câu hỏi: Tại sao câu này độc hại?","Sử dụng từ ngữ miệt thị ('3///') để gán ghép định kiến tiêu cực cho nhóm người lớn tuổi, thể hiện sự phân biệt đối xử và xúc phạm."
"hate-speech-qa: Ngữ cảnh: 'NKYN đừng promote mấy cái này quá, trẻ, phụ nữ , nghe có vẻ hay, bình đẳng, nhưng thực ra ko phải như vậy. Quản trị quốc gia cần người có tầm nhìn, có phẩm chất vac năng lực, chứ ko phải thấy trẻ, phụ nữ, chọn vô như kiểu 1 biểu tượng mà làm việc ko ra gì thì toi rồi, nó khác gì cách đảng CS chọn người, hồng hơn chuyên. Suy nghĩ kĩ đi. Giải độc cộng sản đã khó, giải độc tư tưởng cánh tả còn khó hơn.' Câu hỏi: Tại sao câu này độc hại?","Sử dụng từ ngữ thù địch/chính trị cực đoan như “‘đảng CS’”, “‘giải độc cộng sản’”, “‘giải độc tư tưởng cánh tả’” và định kiến về “‘phụ nữ’”, “‘trẻ’”."
hate-speech-qa: Ngữ cảnh: 'Trần Sang ổ cc' Câu hỏi: Tại sao câu này độc hại?,"Từ 'ổ cc' là từ lóng xúc phạm, ám chỉ người khác ngu ngốc hoặc vô giá trị, mang tính miệt thị cá nhân."
hate-speech-qa: Ngữ cảnh: 'Đỉ nhân 3.14' Câu hỏi: Tại sao câu này độc hại?,"Từ 'Đỉ' là từ ngữ xúc phạm, miệt thị phụ nữ, hạ thấp nhân phẩm."
hate-speech-qa: Ngữ cảnh: 'Giờ mới biết con mẹ giựt nợ Minh hiếu' Câu hỏi: Tại sao câu này độc hại?,"Từ 'con mẹ' là cách gọi xúc phạm, hạ thấp nhân phẩm phụ nữ, thể hiện sự khinh miệt và thiếu tôn trọng."
